<?xml version="1.0" encoding="UTF-8"?>
<!DOCTYPE configuration
  PUBLIC "-//mybatis.org//DTD Config 3.0//EN"
  "http://mybatis.org/dtd/mybatis-3-config.dtd">
<configuration>
<settings>
<setting name="mapUnderscoreToCamelCase" value="true"></setting>
</settings>

<typeAliases>
<!-- 	<typeAlias type="exam.vo.memberVo" alias="memberVo"/>  -->
<!--	<typeAlias type="exam.vo.BoardVo" alias="boardVo"/>  -->
	<package name="exam.vo"/>
</typeAliases>

	<environments default="development">
		<environment id="development">
			<transactionManager type="JDBC" /><!-- MANAGED면 자동커밋 , JDBC면 수동커밋 -->
			<dataSource type="POOLED">
				<property name="driver" value="com.mysql.cj.jdbc.Driver" />
				<property name="url" value="jdbc:mysql://localhost:3306/jspdb?useUnicode=true&amp;characterEncoding=utf8&amp;allowPublicKeyRetrieval=true&amp;useSSL=false&amp;serverTimezone=Asia/Seoul" />
				<property name="username" value="jspuser" />
				<property name="password" value="jsppass" />
			</dataSource>
		</environment>
	</environments>
	
	<mappers>
		<!-- exam.mapper 패키지의 인터페이스를 구현한 
		     Mapper 객체를 자동으로 만들어서 메모리에 준비함 -->
		<!--<package name="exam.mapper"/>-->
		
		<mapper class="exam.mapper.MemberMapper"/>
		<mapper class="exam.mapper.BoardMapper"/>
		<mapper class="exam.mapper.AttachfileMapper"/>
	</mappers>
</configuration>

	